Code,Details,Price
,ASUS <b>MainBoards</b>
,Pentium Boards (Socket 478)
-,ASROCK P4I45GL Intel 845GL P4-533 All in One Mainboard 4xUSB2.0 DDR/SDR Dual Slot,100,cart
-,ASROCK P4Vt8 Via P4T800 FSB 533/800 (Hyper Threading) 2xDDR400 AGP8x  5xPCI2.2 5.1AC97 10/100LAN 6xUSB2.0 ATA133,98,cart


,AMD Boards (Socket 462)
-,ASROCK K7s8XE+ SIS748 400fsb 6xUSB2.0 3xDDR400 AGP8X 6xPCI ATA133 10/100LAN,110,cart
-,ASROCK K7VM4 VIA KM400 2xDDR333 AGP8x(1.5v) 3xPCI UniChromeVGA AC97 10/100LAN ATA133 6xUSB2.0,80,cart


,<img src="/images/brands/gigabyte.jpg" height=43 width=47><b>MainBoards</b>,
,None Available

,<img src="/images/brands/via.jpg" height=40 width=75><b>MainBoards</b>,
,None Available